Country,Response_measure,date_start,date_end
Austria,ClosDaycare,16/03/2020,04/05/2020
Austria,ClosDaycarePartial,17/11/2020,NA
Austria,ClosHigh,16/03/2020,30/09/2020
Austria,ClosHigh,03/11/2020,NA
Austria,ClosPrim,16/03/2020,18/05/2020
Austria,ClosPrimPartial,17/11/2020,NA
Austria,ClosPubAny,16/03/2020,13/04/2020
Austria,ClosPubAny,02/05/2020,14/05/2020
Austria,ClosPubAnyPartial,14/04/2020,01/05/2020
Austria,ClosPubAnyPartial,15/05/2020,NA
Austria,ClosSec,16/03/2020,03/05/2020
Austria,ClosSec,03/11/2020,NA
Austria,ClosSecPartial,04/05/2020,03/06/2020
Austria,MasksMandatory,06/04/2020,30/04/2020
Austria,MasksMandatory,14/09/2020,NA
Austria,MasksMandatoryPartial,01/05/2020,13/09/2020
Austria,MasksVoluntaryPartial,31/03/2020,05/04/2020
Austria,MassGatherAll,10/03/2020,31/07/2020
Austria,MassGatherAll,21/09/2020,NA
Austria,StayHomeGen,10/03/2020,15/03/2020
Austria,StayHomeOrder,16/03/2020,30/04/2020
Austria,StayHomeOrder,17/11/2020,NA
Austria,StayHomeOrderPartial,03/11/2020,16/11/2020
Austria,TeleworkingClosures,10/03/2020,NA
Belgium,ClosDaycare,01/05/2020,02/06/2020
Belgium,ClosDaycare,12/11/2020,16/11/2020
Belgium,ClosHigh,13/03/2020,NA
Belgium,ClosPrim,13/03/2020,17/05/2020
Belgium,ClosPrim,12/11/2020,16/11/2020
Belgium,ClosPrimPartial,18/05/2020,08/06/2020
Belgium,ClosPubAny,13/03/2020,03/05/2020
Belgium,ClosPubAny,02/11/2020,30/11/2020
Belgium,ClosPubAnyPartial,04/05/2020,01/11/2020
Belgium,ClosPubAnyPartial,01/12/2020,NA
Belgium,ClosSec,13/03/2020,17/05/2020
Belgium,ClosSec,12/11/2020,15/11/2020
Belgium,ClosSecPartial,18/05/2020,28/08/2020
Belgium,MasksMandatory,04/05/2020,NA
Belgium,MassGatherAll,10/03/2020,17/03/2020
Belgium,MassGatherAll,01/07/2020,NA
Belgium,StayHomeGenPartial,11/05/2020,31/08/2020
Belgium,StayHomeOrder,18/03/2020,10/05/2020
Belgium,StayHomeOrderPartial,16/10/2020,NA
Belgium,TeleworkingClosures,10/03/2020,07/06/2020
Belgium,TeleworkingClosures,19/10/2020,NA
Belgium,TeleworkingClosuresPartial,08/06/2020,18/10/2020
Bulgaria,ClosDaycare,13/03/2020,21/05/2020
Bulgaria,ClosDaycare,27/11/2020,NA
Bulgaria,ClosDaycarePartial,22/05/2020,14/06/2020
Bulgaria,ClosHigh,13/03/2020,31/05/2020
Bulgaria,ClosHigh,29/10/2020,NA
Bulgaria,ClosHighPartial,01/06/2020,14/09/2020
Bulgaria,ClosPrim,13/03/2020,14/09/2020
Bulgaria,ClosPrim,27/11/2020,NA
Bulgaria,ClosPubAny,30/03/2020,17/05/2020
Bulgaria,ClosPubAnyPartial,13/03/2020,29/03/2020
Bulgaria,ClosPubAnyPartial,18/05/2020,NA
Bulgaria,ClosSec,13/03/2020,14/09/2020
Bulgaria,ClosSec,29/10/2020,NA
Bulgaria,MasksMandatory,30/03/2020,31/03/2020
Bulgaria,MasksMandatory,12/04/2020,30/11/2020
Bulgaria,MassGather50Partial,13/03/2020,30/06/2020
Bulgaria,MassGatherAll,08/03/2020,12/03/2020
Bulgaria,MassGatherAllPartial,13/03/2020,30/06/2020
Bulgaria,TeleworkingClosures,14/11/2020,26/11/2020
Bulgaria,TeleworkingClosuresPartial,13/03/2020,29/03/2020
Bulgaria,TeleworkingClosuresPartial,27/11/2020,NA
Croatia,ClosDaycare,16/03/2020,11/05/2020
Croatia,ClosHigh,16/03/2020,NA
Croatia,ClosPrim,16/03/2020,10/05/2020
Croatia,ClosPrimPartial,11/05/2020,25/05/2020
Croatia,ClosPubAny,19/03/2020,28/05/2020
Croatia,ClosPubAnyPartial,14/08/2020,22/09/2020
Croatia,ClosPubAnyPartial,28/11/2020,NA
Croatia,ClosSec,16/03/2020,NA
Croatia,MasksMandatory,28/02/2020,24/06/2020
Croatia,MasksMandatoryPartial,25/06/2020,NA
Croatia,MassGather50Partial,24/08/2020,26/10/2020
Croatia,MassGatherAll,19/03/2020,23/08/2020
Croatia,MassGatherAll,27/10/2020,NA
Croatia,MassGatherAllPartial,24/08/2020,26/10/2020
Croatia,StayHomeGen,17/03/2020,05/05/2020
Croatia,StayHomeRiskG,03/03/2020,NA
Croatia,TeleworkingClosures,19/03/2020,27/05/2020
Cyprus,ClosDaycare,10/03/2020,09/06/2020
Cyprus,ClosHigh,10/03/2020,11/05/2020
Cyprus,ClosPrim,10/03/2020,21/05/2020
Cyprus,ClosPubAny,13/03/2020,03/05/2020
Cyprus,ClosPubAnyPartial,04/05/2020,29/06/2020
Cyprus,ClosPubAnyPartial,05/11/2020,NA
Cyprus,ClosSec,10/03/2020,10/05/2020
Cyprus,ClosSecPartial,11/05/2020,21/05/2020
Cyprus,MasksMandatory,04/05/2020,NA
Cyprus,MassGatherAll,10/03/2020,NA
Cyprus,StayHomeOrder,24/03/2020,03/05/2020
Cyprus,StayHomeOrderPartial,04/05/2020,21/05/2020
Cyprus,StayHomeOrderPartial,05/11/2020,NA
Cyprus,TeleworkingClosures,16/03/2020,14/04/2020
Cyprus,TeleworkingClosuresPartial,15/04/2020,29/06/2020
Czechia,ClosDaycare,11/03/2020,11/05/2020
Czechia,ClosHigh,11/03/2020,10/05/2020
Czechia,ClosHigh,14/10/2020,NA
Czechia,ClosHighPartial,11/05/2020,31/08/2020
Czechia,ClosPrim,11/03/2020,07/06/2020
Czechia,ClosPrim,14/10/2020,17/11/2020
Czechia,ClosPrimPartial,08/06/2020,31/08/2020
Czechia,ClosPrimPartial,18/11/2020,29/11/2020
Czechia,ClosPubAny,17/03/2020,23/04/2020
Czechia,ClosPubAny,14/10/2020,21/10/2020
Czechia,ClosPubAnyPartial,10/03/2020,16/03/2020
Czechia,ClosPubAnyPartial,24/04/2020,13/10/2020
Czechia,ClosPubAnyPartial,22/10/2020,NA
Czechia,ClosSec,11/03/2020,07/06/2020
Czechia,ClosSec,14/10/2020,NA
Czechia,ClosSecPartial,08/06/2020,31/08/2020
Czechia,MasksMandatory,19/03/2020,10/05/2020
Czechia,MasksMandatory,25/07/2020,NA
Czechia,MasksMandatoryPartial,11/05/2020,03/07/2020
Czechia,MasksVoluntary,04/07/2020,24/07/2020
Czechia,MassGatherAll,04/03/2020,18/10/2020
Czechia,MassGatherAll,22/10/2020,NA
Czechia,StayHomeOrder,16/03/2020,24/04/2020
Czechia,StayHomeOrder,22/10/2020,NA
Czechia,TeleworkingClosures,22/10/2020,02/12/2020
Czechia,TeleworkingClosuresPartial,03/12/2020,NA
Denmark,ClosDaycare,16/03/2020,15/04/2020
Denmark,ClosHigh,16/03/2020,31/07/2020
Denmark,ClosPrim,16/03/2020,15/04/2020
Denmark,ClosPubAny,18/03/2020,20/04/2020
Denmark,ClosPubAnyPartial,21/04/2020,NA
Denmark,ClosSec,16/03/2020,18/05/2020
Denmark,MasksMandatory,22/08/2020,NA
Denmark,MasksVoluntaryPartial,09/07/2020,21/08/2020
Denmark,MassGatherAll,18/03/2020,14/06/2020
Denmark,MassGatherAllPartial,15/06/2020,NA
Denmark,StayHomeRiskG,14/03/2020,NA
Denmark,TeleworkingClosures,13/03/2020,14/06/2020
Denmark,TeleworkingClosuresPartial,15/06/2020,NA
Estonia,ClosHigh,16/03/2020,17/05/2020
Estonia,ClosPrim,16/03/2020,17/05/2020
Estonia,ClosPubAny,12/03/2020,16/05/2020
Estonia,ClosPubAnyPartial,17/05/2020,01/07/2020
Estonia,ClosPubAnyPartial,19/08/2020,NA
Estonia,ClosSec,16/03/2020,17/05/2020
Estonia,MasksMandatory,24/11/2020,NA
Estonia,MasksVoluntary,12/03/2020,16/05/2020
Estonia,MasksVoluntaryPartial,17/05/2020,31/07/2020
Estonia,MasksVoluntaryPartial,12/10/2020,23/11/2020
Estonia,MassGatherAll,18/05/2020,31/05/2020
Estonia,MassGatherAll,15/07/2020,NA
Estonia,MassGatherAllPartial,01/06/2020,14/07/2020
Estonia,StayHomeGen,12/03/2020,17/05/2020
Estonia,TeleworkingClosuresPartial,16/03/2020,NA
Finland,ClosHigh,18/03/2020,04/08/2020
Finland,ClosPrim,18/03/2020,14/05/2020
Finland,ClosPubAny,18/03/2020,31/05/2020
Finland,ClosPubAnyPartial,01/06/2020,NA
Finland,ClosSec,18/03/2020,04/08/2020
Finland,MasksVoluntary,18/09/2020,NA
Finland,MasksVoluntaryPartial,13/08/2020,17/09/2020
Finland,MassGather50Partial,01/07/2020,31/07/2020
Finland,MassGather50Partial,15/10/2020,NA
Finland,MassGatherAll,12/03/2020,30/06/2020
Finland,MassGatherAllPartial,01/07/2020,NA
Finland,StayHomeRiskG,16/03/2020,22/06/2020
Finland,StayHomeRiskGPartial,23/06/2020,NA
Finland,TeleworkingClosures,18/03/2020,01/08/2020
Finland,TeleworkingClosuresPartial,13/08/2020,NA
France,ClosDaycare,16/03/2020,01/06/2020
France,ClosDaycarePartial,02/06/2020,22/06/2020
France,ClosHigh,27/10/2020,NA
France,ClosHighPartial,16/03/2020,22/06/2020
France,ClosPrimPartial,16/03/2020,22/06/2020
France,ClosPubAny,16/03/2020,10/05/2020
France,ClosPubAnyPartial,11/05/2020,22/06/2020
France,ClosPubAnyPartial,28/10/2020,NA
France,ClosSec,16/03/2020,10/05/2020
France,ClosSecPartial,11/05/2020,22/06/2020
France,MasksMandatory,18/05/2020,NA
France,MasksVoluntary,11/05/2020,17/05/2020
France,MassGather50Partial,18/09/2020,18/10/2020
France,MassGatherAll,29/02/2020,17/09/2020
France,MassGatherAll,19/10/2020,NA
France,MassGatherAllPartial,18/09/2020,18/10/2020
France,StayHomeOrder,17/03/2020,11/05/2020
France,StayHomeOrder,28/10/2020,NA
France,StayHomeOrderPartial,12/05/2020,02/06/2020
France,TeleworkingClosures,17/03/2020,10/05/2020
France,TeleworkingClosures,29/10/2020,NA
France,TeleworkingClosuresPartial,11/05/2020,28/10/2020
Germany,ClosDaycare,13/03/2020,14/05/2020
Germany,ClosDaycarePartial,15/05/2020,01/07/2020
Germany,ClosPrim,13/03/2020,03/05/2020
Germany,ClosPrimPartial,04/05/2020,29/06/2020
Germany,ClosPubAny,16/03/2020,04/05/2020
Germany,ClosPubAnyPartial,05/05/2020,NA
Germany,ClosSec,13/03/2020,03/05/2020
Germany,ClosSecPartial,04/05/2020,15/06/2020
Germany,MasksMandatory,27/04/2020,31/10/2020
Germany,MasksMandatoryPartial,01/11/2020,NA
Germany,MasksVoluntary,02/04/2020,26/04/2020
Germany,MassGather50Partial,11/05/2020,29/06/2020
Germany,MassGather50Partial,29/09/2020,01/11/2020
Germany,MassGatherAll,08/03/2020,10/05/2020
Germany,MassGatherAll,02/11/2020,NA
Germany,MassGatherAllPartial,11/05/2020,01/11/2020
Germany,StayHomeGen,17/03/2020,05/05/2020
Germany,StayHomeGenPartial,06/05/2020,29/06/2020
Greece,ClosDaycare,11/03/2020,01/06/2020
Greece,ClosDaycare,16/11/2020,NA
Greece,ClosHigh,03/11/2020,NA
Greece,ClosHighPartial,16/03/2020,25/05/2020
Greece,ClosPrim,11/03/2020,01/06/2020
Greece,ClosPrim,16/11/2020,NA
Greece,ClosPubAny,14/03/2020,03/05/2020
Greece,ClosPubAny,07/11/2020,NA
Greece,ClosPubAnyPartial,04/05/2020,06/11/2020
Greece,ClosSec,11/03/2020,10/05/2020
Greece,ClosSec,07/11/2020,NA
Greece,ClosSecPartial,11/05/2020,18/05/2020
Greece,MasksMandatory,28/04/2020,NA
Greece,MassGather50Partial,13/07/2020,06/11/2020
Greece,MassGatherAll,07/11/2020,NA
Greece,MassGatherAllPartial,13/07/2020,06/11/2020
Greece,StayHomeGen,27/02/2020,22/03/2020
Greece,StayHomeOrder,23/03/2020,04/05/2020
Greece,StayHomeOrder,07/11/2020,NA
Greece,StayHomeRiskG,11/03/2020,NA
Greece,TeleworkingClosures,19/03/2020,NA
Hungary,ClosDaycare,25/03/2020,02/06/2020
Hungary,ClosHigh,25/03/2020,18/05/2020
Hungary,ClosHigh,11/11/2020,NA
Hungary,ClosPrim,16/03/2020,01/06/2020
Hungary,ClosPrimPartial,02/06/2020,26/06/2020
Hungary,ClosPubAny,13/03/2020,18/05/2020
Hungary,ClosPubAnyPartial,21/09/2020,NA
Hungary,ClosSec,16/03/2020,01/06/2020
Hungary,ClosSec,11/11/2020,NA
Hungary,ClosSecPartial,02/06/2020,26/06/2020
Hungary,MasksMandatory,02/11/2020,10/11/2020
Hungary,MasksMandatoryPartial,04/05/2020,01/11/2020
Hungary,MasksMandatoryPartial,11/11/2020,NA
Hungary,MassGatherAll,11/03/2020,11/06/2020
Hungary,MassGatherAll,11/11/2020,NA
Hungary,MassGatherAllPartial,21/09/2020,10/11/2020
Hungary,StayHomeGen,21/03/2020,26/03/2020
Hungary,StayHomeOrder,27/03/2020,18/05/2020
Hungary,StayHomeOrderPartial,04/11/2020,NA
Iceland,ClosHigh,16/03/2020,04/05/2020
Iceland,ClosPubAny,16/03/2020,03/05/2020
Iceland,ClosPubAnyPartial,04/05/2020,15/06/2020
Iceland,ClosPubAnyPartial,31/08/2020,NA
Iceland,ClosSec,16/03/2020,04/05/2020
Iceland,MasksMandatoryPartial,05/10/2020,NA
Iceland,MasksVoluntaryPartial,31/07/2020,04/10/2020
Iceland,MassGatherAll,16/03/2020,24/05/2020
Iceland,MassGatherAll,04/10/2020,NA
Iceland,MassGatherAllPartial,25/05/2020,03/10/2020
Iceland,StayHomeRiskG,16/03/2020,NA
Ireland,ClosDaycare,12/03/2020,29/06/2020
Ireland,ClosHigh,12/03/2020,NA
Ireland,ClosPrim,12/03/2020,24/08/2020
Ireland,ClosPubAny,12/03/2020,26/03/2020
Ireland,ClosPubAny,06/06/2020,29/06/2020
Ireland,ClosPubAnyPartial,27/03/2020,05/06/2020
Ireland,ClosPubAnyPartial,06/10/2020,NA
Ireland,ClosSec,12/03/2020,31/08/2020
Ireland,MasksMandatory,29/06/2020,NA
Ireland,MasksVoluntary,18/05/2020,28/06/2020
Ireland,MassGather50Partial,29/06/2020,NA
Ireland,MassGatherAll,25/02/2020,28/06/2020
Ireland,MassGatherAllPartial,29/06/2020,NA
Ireland,StayHomeGen,24/03/2020,26/03/2020
Ireland,StayHomeGen,18/05/2020,26/06/2020
Ireland,StayHomeGenPartial,12/03/2020,23/03/2020
Ireland,StayHomeOrder,27/03/2020,17/05/2020
Ireland,StayHomeOrder,21/10/2020,30/11/2020
Ireland,StayHomeRiskG,12/03/2020,NA
Ireland,TeleworkingClosures,12/03/2020,07/06/2020
Ireland,TeleworkingClosuresPartial,08/06/2020,NA
Italy,ClosDaycare,10/03/2020,10/06/2020
Italy,ClosDaycarePartial,04/03/2020,09/03/2020
Italy,ClosDaycarePartial,11/06/2020,14/09/2020
Italy,ClosHigh,10/03/2020,10/06/2020
Italy,ClosHighPartial,04/03/2020,09/03/2020
Italy,ClosHighPartial,11/06/2020,14/09/2020
Italy,ClosHighPartial,05/11/2020,NA
Italy,ClosPrim,11/03/2020,14/09/2020
Italy,ClosPrimPartial,04/03/2020,10/03/2020
Italy,ClosPubAnyPartial,10/03/2020,NA
Italy,ClosSec,04/03/2020,16/06/2020
Italy,ClosSec,05/07/2020,14/09/2020
Italy,ClosSec,05/11/2020,NA
Italy,ClosSecPartial,17/06/2020,04/07/2020
Italy,MasksMandatory,26/04/2020,15/08/2020
Italy,MasksMandatory,08/10/2020,NA
Italy,MasksMandatoryPartial,16/08/2020,07/10/2020
Italy,MassGather50Partial,04/03/2020,08/03/2020
Italy,MassGatherAll,09/03/2020,11/06/2020
Italy,MassGatherAll,06/11/2020,NA
Italy,MassGatherAllPartial,04/03/2020,08/03/2020
Italy,MassGatherAllPartial,12/06/2020,05/11/2020
Italy,StayHomeGen,26/10/2020,04/11/2020
Italy,StayHomeOrder,10/03/2020,04/05/2020
Italy,StayHomeOrderPartial,05/11/2020,NA
Italy,StayHomeRiskG,04/03/2020,NA
Italy,TeleworkingClosures,12/03/2020,10/06/2020
Italy,TeleworkingClosures,16/10/2020,NA
Latvia,ClosDaycarePartial,17/03/2020,10/06/2020
Latvia,ClosHigh,17/03/2020,31/08/2020
Latvia,ClosHigh,26/10/2020,NA
Latvia,ClosPrim,17/03/2020,31/08/2020
Latvia,ClosPrimPartial,30/11/2020,NA
Latvia,ClosPubAny,17/03/2020,11/05/2020
Latvia,ClosPubAnyPartial,12/05/2020,10/06/2020
Latvia,ClosPubAnyPartial,11/07/2020,NA
Latvia,ClosSec,26/10/2020,NA
Latvia,ClosSecPartial,17/03/2020,07/05/2020
Latvia,MasksMandatory,07/10/2020,NA
Latvia,MasksMandatoryPartial,17/03/2020,30/06/2020
Latvia,MassGather50Partial,12/05/2020,10/06/2020
Latvia,MassGatherAll,17/03/2020,11/05/2020
Latvia,MassGatherAll,11/06/2020,30/06/2020
Latvia,MassGatherAll,01/08/2020,NA
Latvia,MassGatherAllPartial,12/05/2020,10/06/2020
Latvia,MassGatherAllPartial,01/07/2020,31/07/2020
Latvia,StayHomeGen,17/03/2020,11/05/2020
Latvia,StayHomeGenPartial,12/05/2020,10/06/2020
Latvia,TeleworkingClosures,17/03/2020,NA
Liechtenstein,ClosDaycare,16/03/2020,11/05/2020
Liechtenstein,ClosHigh,16/03/2020,08/06/2020
Liechtenstein,ClosPrim,16/03/2020,08/06/2020
Liechtenstein,ClosPubAny,24/10/2020,29/11/2020
Liechtenstein,ClosPubAnyPartial,12/03/2020,06/06/2020
Liechtenstein,ClosPubAnyPartial,30/11/2020,NA
Liechtenstein,ClosSec,16/03/2020,08/06/2020
Liechtenstein,MasksMandatory,06/07/2020,NA
Liechtenstein,MasksVoluntary,13/05/2020,05/07/2020
Liechtenstein,MassGatherAll,28/02/2020,30/09/2020
Liechtenstein,StayHomeGen,21/03/2020,18/05/2020
Liechtenstein,StayHomeRiskG,16/03/2020,NA
Lithuania,ClosDaycare,16/03/2020,26/04/2020
Lithuania,ClosDaycarePartial,27/04/2020,27/05/2020
Lithuania,ClosHigh,16/03/2020,24/05/2020
Lithuania,ClosHighPartial,25/05/2020,30/06/2020
Lithuania,ClosHighPartial,01/09/2020,NA
Lithuania,ClosPrim,16/03/2020,24/05/2020
Lithuania,ClosPrimPartial,25/05/2020,23/06/2020
Lithuania,ClosPubAnyPartial,16/03/2020,NA
Lithuania,ClosSec,16/03/2020,31/05/2020
Lithuania,ClosSecPartial,01/06/2020,16/06/2020
Lithuania,ClosSecPartial,01/09/2020,NA
Lithuania,MasksMandatory,10/04/2020,29/04/2020
Lithuania,MasksMandatory,07/11/2020,NA
Lithuania,MasksMandatoryPartial,30/04/2020,16/06/2020
Lithuania,MasksMandatoryPartial,01/08/2020,06/11/2020
Lithuania,MasksVoluntary,23/03/2020,09/04/2020
Lithuania,MasksVoluntary,17/06/2020,31/07/2020
Lithuania,MassGather50Partial,04/05/2020,16/06/2020
Lithuania,MassGather50Partial,07/11/2020,NA
Lithuania,MassGatherAll,12/03/2020,03/05/2020
Lithuania,MassGatherAll,01/07/2020,15/08/2020
Lithuania,MassGatherAllPartial,04/05/2020,30/06/2020
Lithuania,MassGatherAllPartial,16/08/2020,31/08/2020
Lithuania,MassGatherAllPartial,30/10/2020,NA
Lithuania,StayHomeGen,16/03/2020,16/06/2020
Lithuania,StayHomeGen,07/11/2020,NA
Lithuania,TeleworkingClosures,10/03/2020,15/06/2020
Lithuania,TeleworkingClosuresPartial,16/06/2020,NA
Luxembourg,ClosDaycare,16/03/2020,24/05/2020
Luxembourg,ClosHigh,16/03/2020,24/05/2020
Luxembourg,ClosPrim,16/03/2020,24/05/2020
Luxembourg,ClosPubAnyPartial,16/03/2020,NA
Luxembourg,ClosSec,16/03/2020,04/05/2020
Luxembourg,ClosSecPartial,05/05/2020,26/05/2020
Luxembourg,MasksMandatory,18/03/2020,19/04/2020
Luxembourg,MasksMandatoryPartial,20/04/2020,NA
Luxembourg,MassGather50Partial,11/05/2020,21/09/2020
Luxembourg,MassGatherAll,09/03/2020,16/03/2020
Luxembourg,MassGatherAll,22/09/2020,NA
Luxembourg,MassGatherAllPartial,17/03/2020,21/09/2020
Luxembourg,StayHomeOrder,18/03/2020,19/04/2020
Luxembourg,StayHomeOrderPartial,20/04/2020,11/05/2020
Luxembourg,StayHomeOrderPartial,30/10/2020,NA
Luxembourg,StayHomeRiskG,12/03/2020,NA
Luxembourg,TeleworkingClosures,13/03/2020,NA
Malta,ClosDaycare,13/03/2020,NA
Malta,ClosHigh,13/03/2020,30/06/2020
Malta,ClosPrim,13/03/2020,30/06/2020
Malta,ClosPubAny,18/03/2020,21/05/2020
Malta,ClosPubAnyPartial,22/05/2020,NA
Malta,ClosSec,13/03/2020,30/06/2020
Malta,MasksMandatory,22/05/2020,17/10/2020
Malta,MasksVoluntary,18/11/2020,NA
Malta,MassGatherAll,13/03/2020,NA
Malta,StayHomeRiskG,28/03/2020,NA
Malta,TeleworkingClosures,08/05/2020,NA
Netherlands,ClosDaycare,16/03/2020,10/05/2020
Netherlands,ClosDaycarePartial,11/05/2020,08/06/2020
Netherlands,ClosHigh,12/03/2020,14/06/2020
Netherlands,ClosHighPartial,15/06/2020,01/09/2020
Netherlands,ClosPrim,16/03/2020,10/05/2020
Netherlands,ClosPrimPartial,11/05/2020,08/06/2020
Netherlands,ClosPubAnyPartial,12/03/2020,NA
Netherlands,ClosSec,16/03/2020,01/06/2020
Netherlands,ClosSecPartial,02/06/2020,30/06/2020
Netherlands,MasksMandatoryPartial,01/06/2020,NA
Netherlands,MassGather50Partial,14/10/2020,03/11/2020
Netherlands,MassGatherAll,12/03/2020,30/06/2020
Netherlands,MassGatherAll,29/09/2020,13/10/2020
Netherlands,MassGatherAll,04/11/2020,NA
Netherlands,MassGatherAllPartial,01/07/2020,28/09/2020
Netherlands,MassGatherAllPartial,14/10/2020,03/11/2020
Netherlands,StayHomeGen,16/03/2020,10/05/2020
Netherlands,StayHomeGen,04/11/2020,18/11/2020
Netherlands,StayHomeGenPartial,11/05/2020,01/06/2020
Netherlands,StayHomeRiskG,13/03/2020,26/06/2020
Netherlands,TeleworkingClosures,12/03/2020,NA
Norway,ClosDaycare,12/03/2020,20/04/2020
Norway,ClosHigh,12/03/2020,14/06/2020
Norway,ClosHighPartial,09/11/2020,NA
Norway,ClosPrim,12/03/2020,26/04/2020
Norway,ClosPubAny,12/03/2020,31/05/2020
Norway,ClosPubAnyPartial,01/06/2020,NA
Norway,ClosSec,12/03/2020,11/05/2020
Norway,MasksMandatoryPartial,14/08/2020,NA
Norway,MassGatherAll,12/03/2020,14/06/2020
Norway,MassGatherAll,12/10/2020,NA
Norway,MassGatherAllPartial,15/06/2020,11/10/2020
Norway,StayHomeGen,09/11/2020,NA
Norway,StayHomeRiskG,12/03/2020,01/06/2020
Norway,TeleworkingClosures,10/03/2020,NA
Poland,ClosDaycare,12/03/2020,06/05/2020
Poland,ClosHigh,12/03/2020,24/05/2020
Poland,ClosHighPartial,25/05/2020,31/08/2020
Poland,ClosPrim,12/03/2020,24/05/2020
Poland,ClosPrim,24/10/2020,NA
Poland,ClosPrimPartial,25/05/2020,30/06/2020
Poland,ClosPrimPartial,01/09/2020,23/10/2020
Poland,ClosPubAny,14/03/2020,14/03/2020
Poland,ClosPubAnyPartial,15/03/2020,NA
Poland,ClosSec,12/03/2020,24/05/2020
Poland,ClosSec,24/10/2020,NA
Poland,ClosSecPartial,25/05/2020,30/06/2020
Poland,ClosSecPartial,01/09/2020,23/10/2020
Poland,MasksMandatory,16/04/2020,29/05/2020
Poland,MasksMandatory,10/10/2020,NA
Poland,MasksMandatoryPartial,30/05/2020,09/10/2020
Poland,MassGatherAll,10/03/2020,02/04/2020
Poland,MassGatherAll,30/05/2020,17/06/2020
Poland,MassGatherAll,07/11/2020,NA
Poland,MassGatherAllPartial,18/06/2020,16/10/2020
Poland,StayHomeGen,20/04/2020,04/05/2020
Poland,StayHomeOrder,24/03/2020,19/04/2020
Poland,StayHomeRiskG,08/03/2020,NA
Poland,TeleworkingClosures,08/03/2020,NA
Portugal,ClosDaycare,16/03/2020,17/05/2020
Portugal,ClosDaycarePartial,18/05/2020,31/05/2020
Portugal,ClosHigh,16/03/2020,17/05/2020
Portugal,ClosHighPartial,18/05/2020,07/09/2020
Portugal,ClosPrim,16/03/2020,14/09/2020
Portugal,ClosPubAny,13/03/2020,17/03/2020
Portugal,ClosPubAnyPartial,18/03/2020,NA
Portugal,ClosSec,16/03/2020,17/05/2020
Portugal,ClosSecPartial,18/05/2020,14/09/2020
Portugal,MasksMandatory,04/05/2020,NA
Portugal,MassGather50Partial,04/05/2020,NA
Portugal,MassGatherAll,15/03/2020,03/05/2020
Portugal,MassGatherAllPartial,04/05/2020,NA
Portugal,StayHomeGen,19/03/2020,02/05/2020
Portugal,StayHomeOrderPartial,09/11/2020,23/11/2020
Portugal,StayHomeRiskG,18/03/2020,NA
Portugal,TeleworkingClosures,16/03/2020,31/05/2020
Portugal,TeleworkingClosuresPartial,01/06/2020,NA
Romania,ClosDaycare,16/03/2020,14/06/2020
Romania,ClosDaycarePartial,15/06/2020,14/09/2020
Romania,ClosHigh,16/03/2020,14/06/2020
Romania,ClosHighPartial,31/08/2020,NA
Romania,ClosPrim,16/03/2020,14/06/2020
Romania,ClosPrim,09/11/2020,NA
Romania,ClosPrimPartial,15/06/2020,14/09/2020
Romania,ClosPubAny,18/03/2020,13/05/2020
Romania,ClosPubAnyPartial,14/05/2020,NA
Romania,ClosSec,16/03/2020,01/06/2020
Romania,ClosSec,09/11/2020,NA
Romania,ClosSecPartial,02/06/2020,14/09/2020
Romania,MasksMandatory,14/04/2020,NA
Romania,MassGatherAll,18/03/2020,30/05/2020
Romania,MassGatherAllPartial,31/05/2020,NA
Romania,StayHomeOrder,22/03/2020,13/05/2020
Romania,StayHomeOrderPartial,14/05/2020,31/05/2020
Romania,StayHomeOrderPartial,14/11/2020,NA
Romania,StayHomeRiskG,25/03/2020,14/05/2020
Romania,TeleworkingClosures,16/03/2020,14/05/2020
Romania,TeleworkingClosuresPartial,15/05/2020,NA
Slovakia,ClosDaycare,16/03/2020,01/06/2020
Slovakia,ClosHigh,12/03/2020,09/06/2020
Slovakia,ClosHighPartial,10/06/2020,NA
Slovakia,ClosPrim,12/03/2020,01/06/2020
Slovakia,ClosPubAny,16/03/2020,20/05/2020
Slovakia,ClosPubAnyPartial,01/10/2020,NA
Slovakia,ClosSec,12/03/2020,01/06/2020
Slovakia,ClosSec,12/10/2020,15/11/2020
Slovakia,ClosSecPartial,16/11/2020,NA
Slovakia,MasksMandatory,12/03/2020,20/04/2020
Slovakia,MasksMandatory,01/07/2020,NA
Slovakia,MasksMandatoryPartial,21/04/2020,30/06/2020
Slovakia,MassGather50Partial,02/11/2020,14/11/2020
Slovakia,MassGatherAll,09/03/2020,30/09/2020
Slovakia,MassGatherAllPartial,02/11/2020,14/11/2020
Slovakia,StayHomeOrderPartial,02/11/2020,14/11/2020
Slovenia,ClosDaycare,12/03/2020,17/05/2020
Slovenia,ClosDaycare,24/10/2020,05/11/2020
Slovenia,ClosDaycarePartial,06/11/2020,NA
Slovenia,ClosHigh,12/03/2020,17/05/2020
Slovenia,ClosHigh,24/10/2020,NA
Slovenia,ClosHighPartial,18/05/2020,29/05/2020
Slovenia,ClosPrim,12/03/2020,17/05/2020
Slovenia,ClosPrim,24/10/2020,NA
Slovenia,ClosPrimPartial,18/05/2020,03/06/2020
Slovenia,ClosPubAny,14/03/2020,28/04/2020
Slovenia,ClosPubAnyPartial,29/04/2020,NA
Slovenia,ClosSec,12/03/2020,17/05/2020
Slovenia,ClosSec,24/10/2020,NA
Slovenia,ClosSecPartial,18/05/2020,24/06/2020
Slovenia,MasksMandatory,30/03/2020,01/06/2020
Slovenia,MasksMandatory,25/06/2020,18/09/2020
Slovenia,MasksMandatoryPartial,19/09/2020,NA
Slovenia,MassGatherAll,07/03/2020,08/07/2020
Slovenia,MassGatherAll,17/10/2020,NA
Slovenia,StayHomeOrder,19/03/2020,04/05/2020
Slovenia,StayHomeOrderPartial,20/10/2020,NA
Slovenia,TeleworkingClosures,04/03/2020,NA
Spain,ClosDaycare,12/03/2020,27/08/2020
Spain,ClosHigh,12/03/2020,27/08/2020
Spain,ClosPrim,12/03/2020,27/08/2020
Spain,ClosPubAnyPartial,14/03/2020,NA
Spain,ClosSec,12/03/2020,27/08/2020
Spain,MasksMandatory,04/05/2020,NA
Spain,MasksVoluntary,13/03/2020,03/05/2020
Spain,MassGather50Partial,01/10/2020,24/10/2020
Spain,MassGatherAll,14/03/2020,21/06/2020
Spain,MassGatherAll,25/10/2020,NA
Spain,MassGatherAllPartial,01/10/2020,24/10/2020
Spain,StayHomeGen,09/03/2020,13/03/2020
Spain,StayHomeOrder,14/03/2020,03/05/2020
Spain,StayHomeOrderPartial,04/05/2020,11/05/2020
Spain,StayHomeOrderPartial,25/10/2020,NA
Spain,StayHomeRiskG,12/03/2020,NA
Spain,TeleworkingClosures,09/03/2020,12/04/2020
Spain,TeleworkingClosuresPartial,13/04/2020,NA
Sweden,ClosHigh,18/03/2020,15/06/2020
Sweden,ClosPubAny,01/07/2020,NA
Sweden,ClosSec,18/03/2020,15/06/2020
Sweden,ClosSecPartial,23/11/2020,NA
Sweden,MassGatherAll,12/03/2020,NA
Sweden,StayHomeRiskG,01/04/2020,22/10/2020
Sweden,TeleworkingClosures,16/03/2020,NA
United Kingdom,ClosDaycare,23/03/2020,31/05/2020
United Kingdom,ClosDaycarePartial,01/06/2020,01/09/2020
United Kingdom,ClosPrim,23/03/2020,31/05/2020
United Kingdom,ClosPrimPartial,01/06/2020,01/09/2020
United Kingdom,ClosPubAny,16/03/2020,30/03/2020
United Kingdom,ClosPubAnyPartial,31/03/2020,NA
United Kingdom,ClosSec,23/03/2020,14/06/2020
United Kingdom,ClosSecPartial,15/06/2020,01/09/2020
United Kingdom,MasksMandatory,27/07/2020,NA
United Kingdom,MasksVoluntary,09/06/2020,26/07/2020
United Kingdom,MassGatherAll,28/05/2020,NA
United Kingdom,StayHomeGen,16/03/2020,23/03/2020
United Kingdom,StayHomeOrder,24/03/2020,09/05/2020
United Kingdom,StayHomeOrder,05/11/2020,01/12/2020
United Kingdom,StayHomeOrderPartial,10/05/2020,04/07/2020
United Kingdom,StayHomeRiskG,16/03/2020,05/07/2020
United Kingdom,StayHomeRiskG,05/11/2020,01/12/2020
United Kingdom,StayHomeRiskGPartial,06/07/2020,01/08/2020
United Kingdom,TeleworkingClosures,16/03/2020,NA
Switzerland,ClosHigh,16/03/2020,11/05/2020
Switzerland,ClosHigh,02/11/2020,NA
Switzerland,ClosPrim,16/03/2020,11/05/2020
Switzerland,ClosPubAny,16/03/2020,10/05/2020
Switzerland,ClosPubAnyPartial,11/05/2020,06/06/2020
Switzerland,ClosPubAnyPartial,29/10/2020,NA
Switzerland,ClosSec,16/03/2020,11/05/2020
Switzerland,MasksMandatory,06/07/2020,NA
Switzerland,MasksVoluntaryPartial,16/03/2020,05/07/2020
Switzerland,MassGather50,20/03/2020,05/04/2020
Switzerland,MassGather50,19/10/2020,NA
Switzerland,MassGatherAll,28/02/2020,01/10/2020
Switzerland,MassGatherAll,19/10/2020,NA
Switzerland,StayHomeRiskG,16/03/2020,NA
Switzerland,TeleworkingClosures,16/03/2020,NA
